week,cash_sales,paid_spend,cash_mer,break_even_mer,email_attributed_revenue,email_lastclick_share,sms_attributed_revenue,site_sessions,site_orders,site_cvr,organic_sessions,promo_flag,annotation
2024-01-01,185857,44237,4.2014,3.2,46639,0.2509,10251,95732,2089,0.0218,22639,0,
2024-01-08,183474,46006,3.988,3.2,50904,0.2774,8956,92016,1986,0.0216,24063,0,
2024-01-15,190188,45724,4.1595,3.2,54416,0.2861,11232,96755,1974,0.0204,25264,0,
2024-01-22,180745,45174,4.0011,3.2,44501,0.2462,8639,95852,2058,0.0215,23664,0,
2024-01-29,187694,45573,4.1185,3.2,47156,0.2512,8555,91529,1964,0.0215,24324,0,
2024-02-05,191259,45297,4.2223,3.2,42376,0.2216,10656,90575,1964,0.0217,24797,0,
2024-02-12,194143,44774,4.3361,3.2,51835,0.267,8878,95404,2006,0.021,25185,0,
2024-02-19,196289,46286,4.2408,3.2,50206,0.2558,10197,90843,1923,0.0212,25898,0,
2024-02-26,189721,46765,4.0569,3.2,55405,0.292,10075,96101,2087,0.0217,25508,0,
2024-03-04,203549,48573,4.1906,3.2,52747,0.2591,10671,92657,1919,0.0207,25719,0,
2024-03-11,198347,45395,4.3694,3.2,51935,0.2618,9725,89903,1902,0.0212,26347,0,
2024-03-18,204740,47067,4.35,3.2,50402,0.2462,10068,92021,2011,0.0219,28057,0,
2024-03-25,205304,47957,4.281,3.2,53826,0.2622,10604,94108,1982,0.0211,27563,0,
2024-04-01,206783,48304,4.2809,3.2,50988,0.2466,9732,91508,1896,0.0207,27724,0,
2024-04-08,258259,70650,3.6555,3.2,69041,0.2673,15340,104938,2718,0.0259,27876,1,Spring promo: paid up; cash MER compressed
2024-04-15,264282,71943,3.6735,3.2,76738,0.2904,14440,100326,2577,0.0257,27552,1,
2024-04-22,203473,46926,4.336,3.2,49114,0.2414,9370,93210,1978,0.0212,27661,0,
2024-04-29,205551,47007,4.3728,3.2,52848,0.2571,10142,87956,1923,0.0219,28281,0,
2024-05-06,204232,45740,4.4651,3.2,47802,0.2341,9653,89830,1865,0.0208,28974,0,
2024-05-13,220037,48308,4.5549,3.2,55923,0.2542,10779,92980,1989,0.0214,28701,0,
2024-05-20,212147,47661,4.4512,3.2,54789,0.2583,8877,90627,1978,0.0218,28114,0,
2024-05-27,204421,47176,4.3332,3.2,52882,0.2587,10520,91675,1871,0.0204,28339,0,
2024-06-03,197353,48519,4.0675,3.2,55543,0.2814,10761,95820,2036,0.0212,27499,0,
2024-06-10,205073,47882,4.2829,3.2,52290,0.255,10502,91946,1997,0.0217,27021,0,
2024-06-17,208242,46606,4.4681,3.2,47406,0.2276,10959,93587,2053,0.0219,26696,0,
2024-06-24,201769,46279,4.3598,3.2,55874,0.2769,11031,92338,1963,0.0213,27164,0,
2024-07-01,193703,48319,4.0088,3.2,47801,0.2468,8892,94750,1983,0.0209,25932,0,
2024-07-08,199081,46056,4.3226,3.2,44319,0.2226,10877,88009,1875,0.0213,25398,0,
2024-07-15,192745,46069,4.1838,3.2,52341,0.2716,9371,94493,1981,0.021,26014,0,
2024-07-22,194634,45868,4.2434,3.2,48864,0.2511,9286,92701,1971,0.0213,25289,0,
2024-07-29,190929,47755,3.9981,3.2,48602,0.2546,9901,94962,2033,0.0214,23903,0,
2024-08-05,192984,46553,4.1455,3.2,48140,0.2495,9778,92724,2004,0.0216,25068,0,
2024-08-12,188002,46362,4.0551,3.2,49094,0.2611,10166,97775,2061,0.0211,24232,0,
2024-08-19,192122,46147,4.1633,3.2,45941,0.2391,10707,95594,2014,0.0211,22797,0,
2024-08-26,190436,44999,4.232,3.2,49728,0.2611,9802,97606,2141,0.0219,21269,0,
2024-09-02,189250,47058,4.0216,3.2,54848,0.2898,10370,99266,2080,0.021,22121,0,
2024-09-09,177672,47613,3.7316,3.2,52810,0.2972,11210,89873,1881,0.0209,22058,0,
2024-09-16,186297,47382,3.9318,3.2,52155,0.28,10133,96218,1933,0.0201,23531,0,
2024-09-23,181979,48443,3.7566,3.2,53369,0.2933,10005,95642,1998,0.0209,22677,0,
2024-09-30,178158,48654,3.6617,3.2,50579,0.2839,10653,92899,1968,0.0212,20156,0,
2024-10-07,182739,49329,3.7045,3.2,51076,0.2795,9861,93947,2009,0.0214,22080,0,
2024-10-14,178035,48599,3.6633,3.2,50943,0.2861,9637,98349,2049,0.0208,23509,0,
2024-10-21,184252,48072,3.8328,3.2,50623,0.2747,11302,96101,1905,0.0198,23126,0,
2024-10-28,176567,47413,3.724,3.2,53321,0.302,10171,93829,1951,0.0208,20512,0,
2024-11-04,179020,47489,3.7697,3.2,46719,0.261,9636,94849,1935,0.0204,22698,0,
2024-11-11,175783,47043,3.7366,3.2,50005,0.2845,8872,94698,1991,0.021,20504,0,
2024-11-18,230837,71456,3.2305,3.2,68132,0.2952,12993,104890,2750,0.0262,21901,1,
2024-11-25,236969,71084,3.3336,3.2,69174,0.2919,14711,102972,2696,0.0262,21492,1,BFCM 2024: promo on; MER at trough
2024-12-02,235824,70820,3.3299,3.2,69380,0.2942,13750,102029,2535,0.0248,22343,1,
2024-12-09,192497,47293,4.0703,3.2,48497,0.2519,9678,94230,1960,0.0208,23660,0,
2024-12-16,190006,45672,4.1602,3.2,44400,0.2337,8754,99320,2162,0.0218,23549,0,
2024-12-23,180081,47374,3.8013,3.2,50321,0.2794,8494,95907,2136,0.0223,23053,0,
2024-12-30,182725,45910,3.9801,3.2,46712,0.2556,10699,99418,2109,0.0212,25663,0,
2025-01-06,198886,48537,4.0976,3.2,54259,0.2728,8953,96810,2051,0.0212,23539,0,
2025-01-13,199962,48547,4.1189,3.2,50730,0.2537,9115,94996,1963,0.0207,25388,0,
2025-01-20,198278,47533,4.1714,3.2,47573,0.2399,9805,98806,2104,0.0213,24812,0,
2025-01-27,206086,47659,4.3242,3.2,51227,0.2486,10370,96889,1992,0.0206,25123,0,
2025-02-03,201638,47570,4.2388,3.2,51174,0.2538,9817,98412,2076,0.0211,25914,0,
2025-02-10,199363,49290,4.0447,3.2,53490,0.2683,10189,99358,2199,0.0221,25541,0,
2025-02-17,200271,48211,4.1541,3.2,49227,0.2458,10443,97416,2046,0.021,26506,0,
2025-02-24,211324,48179,4.3862,3.2,51756,0.2449,10131,99723,2058,0.0206,26216,0,
2025-03-03,208379,47996,4.3416,3.2,54224,0.2602,11359,98267,2164,0.022,27680,0,
2025-03-10,219356,68201,3.2163,3.2,66263,0.3021,12318,98813,2099,0.0212,26566,0,"Paid test: spend jumped, cash did not; last-click email share spiked — do not fund from Klaviyo"
2025-03-17,213930,46985,4.5532,3.2,51335,0.24,10461,97739,2050,0.021,27617,0,
2025-03-24,213029,48374,4.4038,3.2,53075,0.2491,10806,97095,2059,0.0212,28380,0,
2025-03-31,211593,47713,4.4347,3.2,54920,0.2596,11908,97982,2080,0.0212,28941,0,
2025-04-07,268914,72606,3.7037,3.2,75503,0.2808,14545,104014,2658,0.0256,28339,1,
2025-04-14,273180,71725,3.8087,3.2,76131,0.2787,14087,108203,2736,0.0253,27808,1,
2025-04-21,218400,47981,4.5518,3.2,56394,0.2582,10223,94094,2031,0.0216,28527,0,
2025-04-28,218693,48632,4.4969,3.2,55328,0.253,10036,98046,2105,0.0215,28443,0,
2025-05-05,218837,46489,4.7073,3.2,52553,0.2401,10570,94700,2068,0.0218,27890,0,
2025-05-12,218982,48627,4.5033,3.2,52906,0.2416,11029,99271,2160,0.0218,30091,0,
2025-05-19,220789,49661,4.4459,3.2,58248,0.2638,10759,96158,2018,0.021,29279,0,
2025-05-26,218369,48120,4.538,3.2,54302,0.2487,11092,95774,2029,0.0212,27938,0,
2025-06-02,216577,47627,4.5474,3.2,55757,0.2574,10822,94747,2040,0.0215,29044,0,
2025-06-09,219659,48997,4.4831,3.2,52527,0.2391,11658,97849,2088,0.0213,27654,0,
2025-06-16,217454,47697,4.5591,3.2,50726,0.2333,12854,96119,2016,0.021,27799,0,
2025-06-23,213175,48856,4.3633,3.2,54505,0.2557,9604,97738,2179,0.0223,28054,0,
2025-06-30,216222,47692,4.5337,3.2,52842,0.2444,12737,93104,1952,0.021,27703,0,
2025-07-07,192771,46675,4.1301,3.2,47826,0.2481,9121,92458,1437,0.0155,27718,0,
2025-07-14,182512,44732,4.0801,3.2,44217,0.2423,8585,91665,1596,0.0174,27731,0,Site CVR drop; shipping tickets spike (see VoC)
2025-07-21,191832,42024,4.5648,3.2,47049,0.2453,10273,95326,1451,0.0152,26068,0,
2025-07-28,184155,43172,4.2656,3.2,49894,0.2709,8554,89603,1367,0.0153,25781,0,
2025-08-04,175288,45324,3.8674,3.2,44695,0.255,9072,91710,1426,0.0155,23057,0,
2025-08-11,177294,42811,4.1413,3.2,45579,0.2571,9433,91821,1352,0.0147,24906,0,Spend paced so MER held; site CVR still down (shipping VoC)
2025-08-18,183232,43658,4.197,3.2,42739,0.2333,9742,92759,1474,0.0159,25126,0,
2025-08-25,190494,50375,3.7815,3.2,54108,0.284,10037,96525,1977,0.0205,24056,0,
2025-09-01,200555,49246,4.0725,3.2,53894,0.2687,10333,102361,2160,0.0211,22862,0,
2025-09-08,195587,48980,3.9932,3.2,51626,0.264,10618,103129,2114,0.0205,24237,0,
2025-09-15,206586,48987,4.2172,3.2,49688,0.2405,10239,100785,2102,0.0209,22288,0,
2025-09-22,202768,46231,4.386,3.2,50927,0.2512,9993,101415,2240,0.0221,24103,0,
2025-09-29,190497,49115,3.8786,3.2,49787,0.2614,10661,97463,1989,0.0204,22160,0,
2025-10-06,190324,49644,3.8338,3.2,50982,0.2679,11525,96006,2012,0.021,22630,0,
2025-10-13,188241,48977,3.8435,3.2,50532,0.2684,9327,98702,2105,0.0213,23836,0,
2025-10-20,187487,49511,3.7868,3.2,53263,0.2841,9638,97786,2009,0.0205,21762,0,
2025-10-27,193857,48352,4.0093,3.2,45302,0.2337,10855,98912,2001,0.0202,22371,0,
2025-11-03,189075,49893,3.7896,3.2,52687,0.2787,10347,101911,2178,0.0214,22417,0,
2025-11-10,192967,48287,3.9963,3.2,53749,0.2785,10195,98592,2086,0.0212,22498,0,
2025-11-17,244519,74246,3.2934,3.2,73306,0.2998,12993,109157,2906,0.0266,21652,1,
2025-11-24,254656,73520,3.4638,3.2,74512,0.2926,12275,107623,2889,0.0268,22341,1,BFCM 2025: cash up; last-click email over-claims
2025-12-01,247139,74930,3.2983,3.2,75899,0.3071,14062,105108,2793,0.0266,22482,1,
2025-12-08,197166,48332,4.0794,3.2,50909,0.2582,11459,98336,2098,0.0213,22390,0,
2025-12-15,199364,51908,3.8407,3.2,53305,0.2674,11267,99864,2040,0.0204,23637,0,
2025-12-22,203090,48210,4.2126,3.2,52545,0.2587,9653,101813,2151,0.0211,24545,0,
